Date,Nasdaq,Eurostoxx,Nikkei
2015-04-27,4525.0400390625,3771.449951171875,19983.3203125
2015-04-28,4515.27001953125,3715.419921875,20058.94921875
2015-04-30,4414.25,3615.590087890625,19520.009765625
2015-05-07,4401.5498046875,3556.2099609375,19291.990234375
2015-05-08,4458.64990234375,3649.47998046875,19379.189453125
2015-05-11,4438.64013671875,3624.409912109375,19620.91015625
2015-05-12,4420.64990234375,3573.10009765625,19624.83984375
2015-05-13,4426.56005859375,3553.419921875,19764.720703125
2015-05-15,4494.2900390625,3573.070068359375,19732.919921875
2015-05-18,4512.9501953125,3589.219970703125,19890.26953125
2015-05-19,4503.72021484375,3670.52001953125,20026.380859375
2015-05-20,4505.2998046875,3683.47998046875,20196.560546875
2015-05-21,4529.47021484375,3688.719970703125,20202.869140625
2015-05-22,4527.16015625,3679.139892578125,20264.41015625
2015-05-26,4472.9599609375,3619.300048828125,20437.48046875
2015-05-27,4546.06005859375,3682.8701171875,20472.580078125
2015-05-28,4535.66015625,3650.7099609375,20551.4609375
2015-05-29,4508.25,3570.780029296875,20563.150390625
2015-06-01,4521.85009765625,3575.0400390625,20569.869140625
2015-06-02,4508.89013671875,3561.889892578125,20543.189453125
2015-06-03,4519.85986328125,3583.820068359375,20473.509765625
2015-06-04,4487.02978515625,3556.3798828125,20488.189453125
2015-06-05,4477.18994140625,3510.010009765625,20460.900390625
2015-06-08,4431.509765625,3468.31005859375,20457.189453125
2015-06-09,4427.60986328125,3456.7900390625,20096.30078125
2015-06-10,4485.4599609375,3526.47998046875,20046.359375
2015-06-11,4488.47021484375,3551.909912109375,20382.970703125
2015-06-12,4453.7900390625,3502.77001953125,20407.080078125
2015-06-15,4432.919921875,3438.070068359375,20387.7890625
2015-06-16,4455.89990234375,3454.090087890625,20257.939453125
2015-06-17,4468.97998046875,3428.760009765625,20219.26953125
2015-06-18,4531.85009765625,3450.449951171875,19990.8203125
2015-06-19,4513.419921875,3455.800048828125,20174.240234375
2015-06-22,4544.0400390625,3596.070068359375,20428.189453125
2015-06-23,4548.740234375,3625.969970703125,20809.419921875
2015-06-24,4524.60009765625,3610.949951171875,20868.029296875
2015-06-25,4514.009765625,3610.909912109375,20771.400390625
2015-06-26,4484.27978515625,3621.3701171875,20706.150390625
2015-06-29,4379.8701171875,3468.89990234375,20109.94921875
2015-06-30,4396.759765625,3424.300048828125,20235.73046875
2015-07-01,4429.22998046875,3496.280029296875,20329.3203125
2015-07-02,4433.39013671875,3463.25,20522.5
2015-07-06,4418.66015625,3365.199951171875,20112.119140625
2015-07-07,4429.06005859375,3294.18994140625,20376.58984375
2015-07-08,4351.580078125,3327.5,19737.640625
2015-07-09,4352.02978515625,3420.030029296875,19855.5
2015-07-10,4420.14990234375,3528.81005859375,19779.830078125
2015-07-13,4494.47021484375,3590.429931640625,20089.76953125
2015-07-14,4523.47021484375,3607.18994140625,20385.330078125
2015-07-15,4528.35986328125,3623.8701171875,20463.330078125
2015-07-16,4594.89990234375,3676.409912109375,20600.119140625
2015-07-17,4661.60009765625,3670.340087890625,20650.919921875
2015-07-21,4674.41015625,3647.9599609375,20841.970703125
2015-07-22,4623.240234375,3635.580078125,20593.669921875
2015-07-23,4602.830078125,3634.639892578125,20683.94921875
2015-07-24,4557.3701171875,3600.0,20544.529296875
2015-07-27,4519.08984375,3513.10009765625,20350.099609375
2015-07-28,4560.22998046875,3554.110107421875,20328.890625
2015-07-29,4581.60009765625,3575.530029296875,20302.91015625
2015-07-30,4598.58984375,3583.7900390625,20522.830078125
2015-07-31,4588.91015625,3600.68994140625,20585.240234375
2015-08-03,4580.4599609375,3635.39990234375,20548.109375
2015-08-04,4567.47021484375,3619.31005859375,20520.359375
2015-08-05,4602.240234375,3676.75,20614.060546875
2015-08-06,4528.509765625,3668.469970703125,20664.439453125
2015-08-07,4520.080078125,3637.800048828125,20724.560546875
2015-08-10,4573.10986328125,3674.93994140625,20808.689453125
2015-08-12,4528.18994140625,3484.409912109375,20392.76953125
2015-08-17,4566.3701171875,3497.89990234375,20620.259765625
2015-08-19,4510.89990234375,3429.840087890625,20222.630859375
2015-08-20,4385.1298828125,3353.47998046875,20033.51953125
2015-08-21,4197.27001953125,3247.260009765625,19435.830078125
2015-08-24,4038.60009765625,3073.389892578125,18540.6796875
2015-08-25,4016.320068359375,3218.010009765625,17806.69921875
2015-08-26,4219.60009765625,3170.72998046875,18376.830078125
2015-08-27,4324.81982421875,3280.780029296875,18574.439453125
2015-08-28,4329.1201171875,3286.590087890625,19136.3203125
2015-08-31,4274.580078125,3269.6298828125,18890.48046875
2015-09-01,4142.6298828125,3188.72998046875,18165.689453125
2015-09-02,4256.22998046875,3198.860107421875,18095.400390625
2015-09-03,4234.64990234375,3270.090087890625,18182.390625
2015-09-04,4184.72021484375,3180.25,17792.16015625
2015-09-08,4303.52978515625,3233.840087890625,17427.080078125
2015-09-10,4296.2998046875,3221.139892578125,18299.619140625
2015-09-11,4323.22998046875,3187.93994140625,18264.220703125
2015-09-14,4308.759765625,3175.6201171875,17965.69921875
2015-09-15,4360.27978515625,3207.60009765625,18026.48046875
2015-09-16,4383.669921875,3251.7900390625,18171.599609375
2015-09-17,4384.9599609375,3255.7900390625,18432.26953125
2015-09-18,4323.85986328125,3157.300048828125,18070.2109375
2015-09-24,4261.10009765625,3019.340087890625,17571.830078125
2015-09-25,4224.740234375,3113.159912109375,17880.509765625
2015-09-28,4103.47021484375,3039.43994140625,17645.109375
2015-09-29,4083.3701171875,3029.860107421875,16930.83984375
2015-09-30,4181.06005859375,3100.669921875,17388.150390625
2015-10-01,4192.9599609375,3069.050048828125,17722.419921875
2015-10-02,4267.4501953125,3088.179931640625,17725.130859375
2015-10-05,4331.43017578125,3190.389892578125,18005.490234375
2015-10-06,4306.7001953125,3220.090087890625,18186.099609375
2015-10-07,4333.4599609375,3226.39990234375,18322.98046875
2015-10-08,4350.14990234375,3224.9599609375,18141.169921875
2015-10-09,4370.009765625,3250.31005859375,18438.669921875
2015-10-13,4352.93994140625,3221.280029296875,18234.740234375
2015-10-14,4346.919921875,3191.570068359375,17891.0
2015-10-15,4418.22021484375,3238.81005859375,18096.900390625
2015-10-16,4438.6201171875,3264.929931640625,18291.80078125
2015-10-19,4462.06982421875,3272.0400390625,18131.23046875
2015-10-20,4438.18017578125,3255.719970703125,18207.150390625
2015-10-21,4413.52001953125,3272.22998046875,18554.279296875
2015-10-22,4503.22021484375,3353.110107421875,18435.869140625
2015-10-23,4624.08984375,3425.81005859375,18825.30078125
2015-10-26,4630.85009765625,3414.60009765625,18947.119140625
2015-10-27,4639.22998046875,3381.010009765625,18777.0390625
2015-10-28,4678.580078125,3421.090087890625,18903.01953125
2015-10-29,4670.759765625,3413.389892578125,18935.7109375
2015-10-30,4648.830078125,3418.22998046875,19083.099609375
2015-11-02,4703.919921875,3434.5,18683.240234375
2015-11-04,4717.5498046875,3439.159912109375,18926.91015625
2015-11-05,4702.89990234375,3447.489990234375,19116.41015625
2015-11-06,4707.22998046875,3468.2099609375,19265.599609375
2015-11-09,4655.52001953125,3418.360107421875,19642.740234375
2015-11-10,4641.72998046875,3425.39990234375,19671.259765625
2015-11-11,4636.93994140625,3448.419921875,19691.390625
2015-11-12,4588.93017578125,3387.699951171875,19697.76953125
2015-11-13,4502.14013671875,3360.64990234375,19596.91015625
2015-11-16,4565.47021484375,3362.22998046875,19393.689453125
2015-11-17,4565.81982421875,3451.93994140625,19630.630859375
2015-11-18,4653.43994140625,3431.919921875,19649.1796875
2015-11-19,4655.35009765625,3448.929931640625,19859.810546875
2015-11-20,4686.35986328125,3452.449951171875,19879.810546875
2015-11-24,4669.41015625,3409.60009765625,19924.890625
2015-11-25,4672.8798828125,3462.06005859375,19847.580078125
2015-11-27,4680.47021484375,3488.989990234375,19883.939453125
2015-11-30,4664.509765625,3506.449951171875,19747.470703125
2015-12-01,4716.16015625,3479.639892578125,20012.400390625
2015-12-02,4686.22021484375,3468.659912109375,19938.130859375
2015-12-03,4606.75,3343.340087890625,19939.900390625
2015-12-04,4716.1201171875,3330.75,19504.48046875
2015-12-07,4693.6201171875,3360.2099609375,19698.150390625
2015-12-08,4694.77001953125,3297.4599609375,19492.599609375
2015-12-09,4622.14013671875,3277.2099609375,19301.0703125
2015-12-10,4643.0498046875,3269.969970703125,19046.55078125
2015-12-11,4537.56005859375,3203.2099609375,19230.48046875
2015-12-14,4570.16015625,3139.239990234375,18883.419921875
2015-12-15,4597.330078125,3241.510009765625,18565.900390625
2015-12-16,4664.56005859375,3246.780029296875,19049.91015625
2015-12-17,4598.14013671875,3306.469970703125,19353.560546875
2015-12-18,4514.830078125,3260.72998046875,18986.80078125
2015-12-21,4560.5498046875,3213.010009765625,18916.01953125
2015-12-22,4589.259765625,3214.320068359375,18886.69921875
2015-12-28,4621.35009765625,3256.489990234375,18873.349609375
2015-12-29,4691.080078125,3314.280029296875,18982.23046875
2015-12-30,4652.009765625,3287.97998046875,19033.7109375
2016-01-04,4497.85986328125,3164.760009765625,18450.98046875
2016-01-05,4484.18017578125,3178.010009765625,18374.0
2016-01-06,4443.990234375,3139.320068359375,18191.3203125
2016-01-07,4305.72021484375,3084.679931640625,17767.33984375
2016-01-08,4270.77978515625,3033.469970703125,17697.9609375
2016-01-12,4333.72021484375,3064.659912109375,17218.9609375
2016-01-13,4183.1201171875,3073.02001953125,17715.630859375
2016-01-14,4272.97021484375,3024.0,17240.94921875
2016-01-15,4141.080078125,2952.47998046875,17147.109375
2016-01-19,4147.06982421875,2980.489990234375,17048.369140625
2016-01-20,4136.27978515625,2882.590087890625,16416.189453125
2016-01-21,4142.60009765625,2943.919921875,16017.259765625
2016-01-22,4259.77001953125,3023.2099609375,16958.529296875
2016-01-25,4196.52978515625,3001.780029296875,17110.91015625
2016-01-26,4233.85009765625,3032.840087890625,16708.900390625
2016-01-27,4128.85986328125,3043.469970703125,17163.919921875
2016-01-28,4186.06005859375,2979.419921875,17041.44921875
2016-01-29,4279.169921875,3045.090087890625,17518.30078125
2016-02-01,4286.56005859375,3021.010009765625,17865.23046875
2016-02-02,4193.10009765625,2951.85009765625,17750.6796875
2016-02-03,4171.97021484375,2896.6298828125,17191.25
2016-02-04,4167.77001953125,2905.300048828125,17044.990234375
2016-02-05,4024.469970703125,2879.389892578125,16819.58984375
2016-02-08,3960.669921875,2785.169921875,17004.30078125
2016-02-09,3947.800048828125,2736.5,16085.4404296875
2016-02-10,3966.280029296875,2789.050048828125,15713.3896484375
2016-02-12,4019.18994140625,2756.159912109375,14952.6103515625
2016-02-16,4104.330078125,2821.260009765625,16054.4296875
2016-02-17,4199.10009765625,2897.719970703125,15836.3603515625
2016-02-18,4151.490234375,2895.14990234375,16196.7998046875
2016-02-19,4164.08984375,2871.050048828125,15967.169921875
2016-02-22,4231.27001953125,2933.909912109375,16111.0498046875
2016-02-23,4162.5400390625,2887.3798828125,16052.0498046875
2016-02-24,4200.66015625,2820.239990234375,15915.7900390625
2016-02-25,4241.06005859375,2877.419921875,16140.33984375
2016-02-26,4235.6201171875,2929.159912109375,16188.41015625
2016-02-29,4201.1201171875,2945.75,16026.759765625
2016-03-01,4333.60986328125,2996.389892578125,16085.509765625
2016-03-02,4334.39013671875,3022.139892578125,16746.55078125
2016-03-03,4325.85986328125,3012.8701171875,16960.16015625
2016-03-04,4329.0,3037.35009765625,17014.779296875
2016-03-07,4303.330078125,3021.090087890625,16911.3203125
2016-03-08,4265.509765625,3002.010009765625,16783.150390625
2016-03-09,4293.22998046875,3016.179931640625,16642.19921875
2016-03-10,4286.97021484375,2970.780029296875,16852.349609375
2016-03-11,4361.830078125,3073.800048828125,16938.869140625
2016-03-14,4367.330078125,3091.97998046875,17233.75
2016-03-15,4367.080078125,3067.2099609375,17117.0703125
2016-03-16,4404.2001953125,3062.050048828125,16974.44921875
2016-03-17,4400.259765625,3043.10009765625,16936.380859375
2016-03-18,4410.830078125,3059.77001953125,16724.810546875
2016-03-23,4402.56005859375,3042.419921875,17000.98046875
2016-03-24,4405.52978515625,2986.72998046875,16892.330078125
2016-03-29,4467.72021484375,3004.8701171875,17103.529296875
2016-03-30,4490.8798828125,3044.10009765625,16878.9609375
2016-03-31,4483.66015625,3004.929931640625,16758.669921875
2016-04-01,4532.080078125,2953.280029296875,16164.16015625
2016-04-04,4511.7001953125,2962.280029296875,16123.26953125
2016-04-06,4543.77978515625,2909.360107421875,15715.3603515625
2016-04-07,4475.2900390625,2871.570068359375,15749.83984375
2016-04-08,4474.93017578125,2911.97998046875,15821.51953125
2016-04-11,4458.7099609375,2924.22998046875,15751.1298828125
2016-04-12,4496.0400390625,2942.090087890625,15928.7900390625
2016-04-14,4554.6298828125,3060.860107421875,16911.05078125
2016-04-15,4543.16015625,3054.340087890625,16848.029296875
2016-04-18,4569.31005859375,3064.030029296875,16275.9501953125
2016-04-19,4537.08984375,3112.989990234375,16874.439453125
2016-04-20,4540.43994140625,3142.52001953125,16906.5390625
2016-04-21,4540.7998046875,3151.68994140625,17363.619140625
2016-04-22,4474.18994140625,3141.1201171875,17572.490234375
2016-04-26,4452.97021484375,3121.2900390625,17353.279296875
2016-04-27,4416.6298828125,3130.429931640625,17290.490234375
2016-04-28,4363.990234375,3125.429931640625,16666.05078125
2016-05-02,4381.2998046875,3032.60009765625,16147.3798828125
2016-05-06,4330.169921875,2936.840087890625,16106.7197265625
2016-05-09,4341.22998046875,2955.830078125,16216.0302734375
2016-05-10,4402.0400390625,2978.969970703125,16565.189453125
2016-05-11,4361.02978515625,2956.7099609375,16579.009765625
2016-05-12,4342.81005859375,2935.4599609375,16646.33984375
2016-05-13,4326.52978515625,2956.6298828125,16412.2109375
2016-05-17,4322.56005859375,2938.090087890625,16652.80078125
2016-05-18,4338.22998046875,2956.429931640625,16644.689453125
2016-05-19,4315.580078125,2919.219970703125,16646.66015625
2016-05-20,4362.89990234375,2962.159912109375,16736.349609375
2016-05-23,4355.10009765625,2932.929931640625,16654.599609375
2016-05-24,4444.2998046875,3010.1201171875,16498.759765625
2016-05-25,4476.43017578125,3061.60009765625,16757.349609375
2016-05-26,4487.9599609375,3071.2099609375,16772.4609375
2016-05-27,4512.5400390625,3078.47998046875,16834.83984375
2016-05-31,4523.89013671875,3063.47998046875,17234.98046875
2016-06-01,4520.06982421875,3038.77001953125,16955.73046875
2016-06-02,4531.35009765625,3033.860107421875,16562.55078125
2016-06-03,4509.7900390625,2997.550048828125,16642.23046875
2016-06-06,4523.6298828125,3001.89990234375,16580.029296875
2016-06-07,4513.08984375,3040.68994140625,16675.44921875
2016-06-08,4520.6298828125,3019.760009765625,16830.919921875
2016-06-09,4512.68994140625,2989.030029296875,16668.41015625
2016-06-10,4461.0498046875,2911.110107421875,16601.359375
2016-06-13,4422.759765625,2853.52001953125,16019.1796875
2016-06-14,4424.91015625,2797.179931640625,15859.0
2016-06-15,4409.509765625,2830.300048828125,15919.580078125
2016-06-16,4424.22998046875,2819.300048828125,15434.1396484375
2016-06-17,4374.3798828125,2849.169921875,15599.66015625
2016-06-20,4400.16015625,2942.8798828125,15965.2998046875
2016-06-21,4413.39990234375,2967.340087890625,16169.1103515625
2016-06-22,4404.72998046875,2978.31005859375,16065.7197265625
2016-06-23,4467.47998046875,3037.860107421875,16238.349609375
2016-06-24,4285.7001953125,2776.090087890625,14952.01953125
2016-06-27,4201.0498046875,2697.43994140625,15309.2099609375
2016-06-29,4364.740234375,2832.179931640625,15566.830078125
2016-06-30,4417.7001953125,2864.739990234375,15575.919921875
2016-07-01,4437.4501953125,2883.06005859375,15682.48046875
2016-07-05,4410.75,2812.8798828125,15669.330078125
2016-07-06,4444.7001953125,2761.3701171875,15378.990234375
2016-07-07,4459.580078125,2780.10009765625,15276.240234375
2016-07-08,4528.35986328125,2838.010009765625,15106.98046875
2016-07-11,4554.7099609375,2885.320068359375,15708.8203125
2016-07-12,4577.60986328125,2933.43994140625,16095.650390625
2016-07-13,4565.77001953125,2926.139892578125,16231.4296875
2016-07-14,4596.490234375,2963.070068359375,16385.890625
2016-07-15,4589.830078125,2958.64990234375,16497.849609375
2016-07-19,4603.27978515625,2931.10009765625,16723.310546875
2016-07-20,4657.2001953125,2966.949951171875,16681.890625
2016-07-21,4647.02001953125,2968.489990234375,16810.220703125
2016-07-22,4666.06982421875,2972.22998046875,16627.25
2016-07-25,4665.93017578125,2973.219970703125,16620.2890625
2016-07-26,4672.10986328125,2978.89990234375,16383.0400390625
2016-07-27,4702.8798828125,2999.47998046875,16664.8203125
2016-07-28,4721.41015625,2966.10009765625,16476.83984375
2016-07-29,4730.22998046875,2990.760009765625,16569.26953125
2016-08-02,4719.2099609375,2906.97998046875,16391.44921875
2016-08-03,4734.330078125,2911.06005859375,16083.1103515625
2016-08-04,4743.81005859375,2932.340087890625,16254.8896484375
2016-08-05,4791.2099609375,2973.7099609375,16254.4501953125
2016-08-08,4784.740234375,2982.919921875,16650.5703125
2016-08-09,4795.75,3029.179931640625,16764.970703125
2016-08-10,4783.39013671875,3018.4599609375,16735.119140625
2016-08-12,4807.080078125,3044.93994140625,16919.919921875
2016-08-15,4827.1201171875,3046.64990234375,16869.560546875
2016-08-16,4797.18994140625,3016.199951171875,16596.509765625
2016-08-17,4805.4501953125,2980.5400390625,16745.640625
2016-08-18,4808.68017578125,2995.300048828125,16486.009765625
2016-08-19,4806.14013671875,2968.199951171875,16545.8203125
2016-08-22,4808.56005859375,2960.3701171875,16598.189453125
2016-08-23,4818.47998046875,2993.72998046875,16497.359375
2016-08-24,4783.490234375,3008.590087890625,16597.30078125
2016-08-25,4775.43017578125,2987.68994140625,16555.94921875
2016-08-26,4783.68994140625,3010.360107421875,16360.7099609375
2016-08-29,4791.08984375,2998.5,16737.490234375
2016-08-30,4775.990234375,3030.75,16725.359375
2016-08-31,4771.0498046875,3023.1298828125,16887.400390625
2016-09-01,4783.93994140625,3017.489990234375,16926.83984375
2016-09-02,4798.740234375,3079.739990234375,16925.6796875
2016-09-06,4829.509765625,3070.159912109375,17081.98046875
2016-09-07,4831.85986328125,3091.659912109375,17012.439453125
2016-09-08,4804.0,3083.5400390625,16958.76953125
2016-09-09,4681.5400390625,3053.199951171875,16965.759765625
2016-09-12,4764.64990234375,3012.8798828125,16672.919921875
2016-09-13,4722.85009765625,2974.800048828125,16729.0390625
2016-09-14,4746.06005859375,2964.89990234375,16614.240234375
2016-09-15,4819.89990234375,2973.77001953125,16405.009765625
2016-09-16,4818.0498046875,2935.25,16519.2890625
2016-09-20,4805.22021484375,2964.860107421875,16492.150390625
2016-09-21,4853.75,2982.179931640625,16807.619140625
2016-09-23,4858.91015625,3032.31005859375,16754.01953125
2016-09-26,4817.169921875,2975.8798828125,16544.560546875
2016-09-27,4866.7099609375,2970.840087890625,16683.9296875
2016-09-28,4875.27001953125,2991.110107421875,16465.400390625
2016-09-29,4838.2998046875,2991.580078125,16693.7109375
2016-09-30,4875.7001953125,3002.239990234375,16449.83984375
2016-10-03,4866.6298828125,2998.5,16598.669921875
2016-10-04,4859.47021484375,3029.5,16735.650390625
2016-10-05,4877.75,3026.280029296875,16819.240234375
2016-10-06,4873.919921875,3021.580078125,16899.099609375
2016-10-07,4864.52001953125,3000.570068359375,16860.08984375
2016-10-11,4821.91015625,3020.68994140625,17024.759765625
2016-10-12,4819.64013671875,3008.030029296875,16840.0
2016-10-13,4803.10009765625,2975.0400390625,16774.240234375
2016-10-14,4808.47998046875,3025.18994140625,16856.369140625
2016-10-17,4796.169921875,3008.719970703125,16900.119140625
2016-10-18,4839.72021484375,3046.989990234375,16963.609375
2016-10-19,4836.60986328125,3055.93994140625,16998.91015625
2016-10-20,4832.7099609375,3076.6298828125,17235.5
2016-10-21,4851.85986328125,3077.64990234375,17184.58984375
2016-10-24,4909.97021484375,3093.860107421875,17234.419921875
2016-10-25,4891.4501953125,3087.409912109375,17365.25
2016-10-26,4860.58984375,3080.97998046875,17391.83984375
2016-10-27,4836.4501953125,3085.169921875,17336.419921875
2016-10-28,4805.58984375,3079.239990234375,17446.41015625
2016-10-31,4801.27001953125,3055.25,17425.01953125
2016-11-01,4766.93994140625,3023.14990234375,17442.400390625
2016-11-02,4726.91015625,2980.169921875,17134.6796875
2016-11-04,4660.4599609375,2954.530029296875,16905.359375
2016-11-07,4773.72998046875,3009.280029296875,17177.2109375
2016-11-08,4804.919921875,3023.429931640625,17171.380859375
2016-11-09,4825.18017578125,3056.2900390625,16251.5400390625
2016-11-10,4747.02978515625,3046.590087890625,17344.419921875
2016-11-11,4751.9501953125,3030.02001953125,17374.7890625
2016-11-14,4702.0400390625,3039.800048828125,17672.619140625
2016-11-15,4764.47021484375,3049.719970703125,17668.150390625
2016-11-16,4792.27001953125,3026.360107421875,17862.2109375
2016-11-17,4826.58984375,3041.7900390625,17862.630859375
2016-11-18,4808.0400390625,3020.830078125,17967.41015625
2016-11-21,4859.0,3032.969970703125,18106.01953125
2016-11-22,4873.83984375,3044.330078125,18162.939453125
2016-11-25,4870.02001953125,3048.3798828125,18381.220703125
2016-11-28,4857.02001953125,3016.800048828125,18356.890625
2016-11-29,4873.2099609375,3038.419921875,18307.0390625
2016-11-30,4810.81005859375,3051.610107421875,18308.48046875
2016-12-01,4734.10009765625,3030.97998046875,18513.119140625
2016-12-02,4739.3701171875,3015.1298828125,18426.080078125
2016-12-05,4778.14013671875,3052.75,18274.990234375
2016-12-06,4788.669921875,3100.760009765625,18360.5390625
2016-12-07,4851.93994140625,3142.239990234375,18496.689453125
2016-12-08,4859.18994140625,3185.7900390625,18765.470703125
2016-12-09,4895.89990234375,3197.5400390625,18996.369140625
2016-12-12,4874.2998046875,3199.110107421875,19155.029296875
2016-12-13,4935.83984375,3236.7099609375,19250.51953125
2016-12-14,4921.22021484375,3211.7099609375,19253.609375
2016-12-15,4933.41015625,3249.739990234375,19273.7890625
2016-12-16,4914.85986328125,3259.239990234375,19401.150390625
2016-12-19,4934.85009765625,3257.85009765625,19391.599609375
2016-12-20,4953.7998046875,3279.409912109375,19494.529296875
2016-12-21,4948.91015625,3270.75,19444.490234375
2016-12-22,4934.39013671875,3269.510009765625,19427.669921875
2016-12-27,4965.81005859375,3278.530029296875,19403.060546875
2016-12-28,4926.2900390625,3278.719970703125,19401.720703125
2016-12-29,4918.27978515625,3271.760009765625,19145.140625
2016-12-30,4863.6201171875,3290.52001953125,19114.369140625
2017-01-04,4937.2099609375,3317.52001953125,19594.16015625
2017-01-05,4964.9501953125,3316.469970703125,19520.689453125
2017-01-06,5007.080078125,3321.169921875,19454.330078125
2017-01-10,5035.169921875,3306.2099609375,19301.439453125
2017-01-11,5050.2099609375,3307.93994140625,19364.669921875
2017-01-12,5041.43017578125,3286.699951171875,19134.69921875
2017-01-13,5059.509765625,3324.340087890625,19287.279296875
2017-01-17,5044.64990234375,3285.0400390625,18813.529296875
2017-01-18,5055.85009765625,3294.0,18894.369140625
2017-01-19,5051.169921875,3290.330078125,19072.25
2017-01-20,5063.2001953125,3299.43994140625,19137.91015625
2017-01-23,5065.7001953125,3273.0400390625,18891.029296875
2017-01-24,5101.06005859375,3281.530029296875,18787.990234375
2017-01-25,5151.47021484375,3326.14990234375,19057.5
2017-01-26,5156.919921875,3319.1298828125,19402.390625
2017-01-27,5168.06005859375,3303.330078125,19467.400390625
2017-01-30,5129.330078125,3262.719970703125,19368.849609375
2017-01-31,5116.77001953125,3230.679931640625,19041.33984375
2017-02-01,5152.68994140625,3258.919921875,19148.080078125
2017-02-02,5147.7001953125,3253.610107421875,18914.580078125
2017-02-03,5161.60009765625,3273.110107421875,18918.19921875
2017-02-06,5167.9599609375,3238.31005859375,18976.7109375
2017-02-07,5185.8798828125,3235.7099609375,18910.779296875
2017-02-08,5196.580078125,3238.0400390625,19007.599609375
2017-02-09,5212.16015625,3277.7900390625,18907.669921875
2017-02-10,5226.68994140625,3270.830078125,19378.9296875
2017-02-13,5256.81982421875,3305.22998046875,19459.150390625
2017-02-14,5271.06982421875,3308.889892578125,19238.98046875
2017-02-15,5302.39013671875,3323.7099609375,19437.98046875
2017-02-16,5300.64013671875,3311.0400390625,19347.529296875
2017-02-17,5324.72021484375,3308.81005859375,19234.619140625
2017-02-21,5350.72998046875,3339.330078125,19381.439453125
2017-02-22,5352.1298828125,3339.27001953125,19379.869140625
2017-02-23,5332.3701171875,3333.9599609375,19371.4609375
2017-02-24,5343.31005859375,3304.090087890625,19283.5390625
2017-02-27,5347.5498046875,3309.300048828125,19107.470703125
2017-02-28,5330.31005859375,3319.610107421875,19118.990234375
2017-03-01,5390.990234375,3390.199951171875,19393.5390625
2017-03-02,5363.259765625,3384.7099609375,19564.80078125
2017-03-03,5373.47998046875,3403.389892578125,19469.169921875
2017-03-06,5360.31005859375,3387.4599609375,19379.140625
2017-03-07,5351.27978515625,3385.1201171875,19344.150390625
2017-03-08,5359.81005859375,3389.6201171875,19254.029296875
2017-03-09,5363.97998046875,3409.889892578125,19318.580078125
2017-03-10,5385.89990234375,3416.27001953125,19604.609375
2017-03-13,5394.56982421875,3415.489990234375,19633.75
2017-03-14,5382.169921875,3399.43994140625,19609.5
2017-03-15,5416.25,3409.320068359375,19577.380859375
2017-03-16,5412.080078125,3439.9599609375,19590.140625
2017-03-17,5408.759765625,3448.409912109375,19521.58984375
2017-03-21,5332.52978515625,3429.6201171875,19455.880859375
2017-03-22,5367.5498046875,3420.699951171875,19041.380859375
2017-03-23,5355.14013671875,3452.179931640625,19085.310546875
2017-03-24,5364.0,3444.14990234375,19262.529296875
2017-03-27,5374.27001953125,3437.139892578125,18985.58984375
2017-03-28,5407.2099609375,3465.070068359375,19202.869140625
2017-03-29,5430.27001953125,3475.27001953125,19217.48046875
2017-03-30,5439.740234375,3481.580078125,19063.220703125
2017-03-31,5436.22998046875,3500.929931640625,18909.259765625
2017-04-03,5432.2001953125,3472.93994140625,18983.23046875
2017-04-04,5440.41015625,3481.659912109375,18810.25
2017-04-05,5418.52001953125,3472.580078125,18861.26953125
2017-04-06,5420.8798828125,3489.570068359375,18597.060546875
2017-04-07,5418.3701171875,3495.800048828125,18664.630859375
2017-04-10,5421.68017578125,3480.43994140625,18797.880859375
2017-04-11,5398.39990234375,3470.0400390625,18747.869140625
2017-04-12,5377.02978515625,3468.510009765625,18552.609375
2017-04-13,5353.58984375,3448.260009765625,18426.83984375
2017-04-18,5391.66015625,3409.780029296875,18418.58984375
2017-04-19,5399.64013671875,3420.989990234375,18432.19921875
2017-04-20,5443.52978515625,3440.030029296875,18430.490234375
2017-04-21,5442.0498046875,3440.27001953125,18620.75
2017-04-24,5508.02978515625,3577.3798828125,18875.880859375
2017-04-25,5548.18994140625,3583.159912109375,19079.330078125
2017-04-26,5541.08984375,3578.7099609375,19289.4296875
2017-04-27,5571.27978515625,3563.2900390625,19251.869140625
2017-04-28,5583.52978515625,3559.590087890625,19196.740234375
2017-05-02,5644.06982421875,3578.2099609375,19445.69921875
2017-05-08,5659.06982421875,3642.110107421875,19895.69921875
2017-05-09,5678.31005859375,3649.080078125,19843.0
2017-05-10,5681.68017578125,3645.739990234375,19900.08984375
2017-05-11,5674.22021484375,3623.550048828125,19961.55078125
2017-05-12,5686.81005859375,3637.52001953125,19883.900390625
2017-05-15,5704.47998046875,3641.8798828125,19869.849609375
2017-05-16,5724.43994140625,3641.889892578125,19919.8203125
2017-05-17,5580.5498046875,3584.830078125,19814.880859375
2017-05-18,5626.31005859375,3562.219970703125,19553.859375
2017-05-19,5651.56005859375,3587.010009765625,19590.759765625
2017-05-22,5699.39990234375,3576.530029296875,19678.279296875
2017-05-23,5703.35009765625,3595.030029296875,19613.279296875
2017-05-24,5730.2998046875,3586.6201171875,19742.98046875
2017-05-26,5788.35986328125,3579.02001953125,19686.83984375
2017-05-30,5794.6298828125,3561.219970703125,19677.849609375
2017-05-31,5788.7998046875,3554.590087890625,19650.5703125
2017-06-01,5816.509765625,3567.02001953125,19860.029296875
2017-06-02,5881.4599609375,3591.820068359375,20177.279296875
2017-06-06,5856.77001953125,3554.179931640625,19979.900390625
2017-06-07,5877.58984375,3548.840087890625,19984.619140625
2017-06-08,5885.2998046875,3563.8798828125,19909.259765625
2017-06-09,5741.93994140625,3586.070068359375,20013.259765625
2017-06-12,5708.18017578125,3543.949951171875,19908.580078125
2017-06-13,5751.81982421875,3557.8701171875,19898.75
2017-06-14,5727.06982421875,3547.14990234375,19883.51953125
2017-06-15,5700.89013671875,3525.4599609375,19831.8203125
2017-06-16,5681.47998046875,3543.8798828125,19943.259765625
2017-06-19,5772.22021484375,3579.580078125,20067.75
2017-06-20,5726.31005859375,3560.659912109375,20230.41015625
2017-06-21,5782.39013671875,3554.35009765625,20138.7890625
2017-06-22,5779.8701171875,3555.760009765625,20110.509765625
2017-06-23,5803.10986328125,3543.679931640625,20132.669921875
2017-06-26,5777.58984375,3561.760009765625,20153.349609375
2017-06-27,5671.60009765625,3538.320068359375,20225.08984375
2017-06-28,5753.02978515625,3535.699951171875,20130.41015625
2017-06-29,5653.02001953125,3471.330078125,20220.30078125
2017-06-30,5646.919921875,3441.8798828125,20033.4296875
2017-07-03,5596.9599609375,3491.81005859375,20055.80078125
2017-07-05,5648.81982421875,3478.409912109375,20081.630859375
2017-07-06,5597.89990234375,3462.06005859375,19994.060546875
2017-07-07,5656.47021484375,3463.840087890625,19929.08984375
2017-07-10,5694.14990234375,3478.06005859375,20080.98046875
2017-07-11,5709.7998046875,3464.47998046875,20195.48046875
2017-07-12,5778.9501953125,3515.22998046875,20098.380859375
2017-07-13,5793.35986328125,3527.830078125,20099.810546875
2017-07-14,5838.080078125,3525.93994140625,20118.859375
2017-07-18,5880.10009765625,3478.679931640625,19999.91015625
2017-07-19,5916.16015625,3500.280029296875,20020.859375
2017-07-20,5921.22021484375,3499.489990234375,20144.58984375
2017-07-21,5921.52978515625,3451.7099609375,20099.75
2017-07-24,5941.3701171875,3453.169921875,19975.669921875
2017-07-25,5930.64990234375,3473.5400390625,19955.19921875
2017-07-26,5950.72998046875,3491.18994140625,20050.16015625
2017-07-27,5917.02978515625,3493.139892578125,20079.640625
2017-07-28,5908.919921875,3467.72998046875,19959.83984375
2017-07-31,5880.330078125,3449.360107421875,19925.1796875
2017-08-02,5914.22998046875,3459.320068359375,20080.0390625
2017-08-03,5891.2001953125,3466.3701171875,20029.259765625
2017-08-04,5899.91015625,3507.409912109375,19952.330078125
2017-08-07,5934.72998046875,3505.800048828125,20055.890625
2017-08-08,5926.35009765625,3515.6298828125,19996.009765625
2017-08-09,5919.39013671875,3468.449951171875,19738.7109375
2017-08-10,5788.18994140625,3433.5400390625,19729.740234375
2017-08-14,5908.169921875,3450.659912109375,19537.099609375
2017-08-15,5907.72998046875,3461.909912109375,19753.310546875
2017-08-16,5917.419921875,3484.570068359375,19729.279296875
2017-08-17,5796.31982421875,3461.969970703125,19702.630859375
2017-08-18,5790.91015625,3446.030029296875,19470.41015625
2017-08-21,5786.5400390625,3423.530029296875,19393.130859375
2017-08-22,5873.330078125,3455.590087890625,19383.83984375
2017-08-23,5851.77978515625,3438.6298828125,19434.640625
2017-08-24,5834.43994140625,3444.72998046875,19353.76953125
2017-08-25,5822.52978515625,3438.550048828125,19452.609375
2017-08-28,5838.080078125,3421.030029296875,19449.900390625
2017-08-29,5862.14013671875,3388.219970703125,19362.55078125
2017-08-30,5932.89990234375,3403.7099609375,19506.5390625
2017-08-31,5988.60009765625,3421.469970703125,19646.240234375
2017-09-01,5987.89990234375,3443.8798828125,19691.470703125
2017-09-05,5932.72998046875,3420.860107421875,19385.810546875
2017-09-06,5951.1298828125,3433.800048828125,19357.970703125
2017-09-07,5964.31005859375,3447.659912109375,19396.51953125
2017-09-08,5913.3701171875,3447.68994140625,19274.8203125
2017-09-11,5980.52978515625,3495.18994140625,19545.76953125
2017-09-12,5995.64013671875,3512.56005859375,19776.619140625
2017-09-13,6004.3798828125,3523.139892578125,19865.8203125
2017-09-14,5968.81982421875,3526.47998046875,19807.439453125
2017-09-15,5988.0,3515.550048828125,19909.5
2017-09-19,5991.080078125,3531.179931640625,20299.380859375
2017-09-20,5973.60986328125,3525.550048828125,20310.4609375
2017-09-21,5934.91015625,3539.590087890625,20347.48046875
2017-09-22,5932.31982421875,3541.419921875,20296.44921875
2017-09-25,5867.35009765625,3537.81005859375,20397.580078125
2017-09-26,5881.33984375,3536.3798828125,20330.189453125
2017-09-27,5937.7900390625,3555.169921875,20267.05078125
2017-09-28,5933.06982421875,3563.639892578125,20363.109375
2017-09-29,5979.2998046875,3594.85009765625,20356.279296875
2017-10-02,5981.919921875,3602.68994140625,20400.779296875
2017-10-03,5995.06005859375,3605.72998046875,20614.0703125
2017-10-04,5998.83984375,3594.909912109375,20626.66015625
2017-10-05,6057.14013671875,3613.5400390625,20628.560546875
2017-10-06,6064.56982421875,3603.320068359375,20690.7109375
2017-10-10,6063.52001953125,3598.7900390625,20823.509765625
2017-10-11,6081.25,3607.389892578125,20881.26953125
2017-10-12,6069.990234375,3605.5400390625,20954.720703125
2017-10-13,6092.4501953125,3604.550048828125,21155.1796875
2017-10-16,6114.52978515625,3606.27001953125,21255.560546875
2017-10-17,6122.60986328125,3607.77001953125,21336.119140625
2017-10-18,6114.35009765625,3619.64990234375,21363.05078125
2017-10-19,6092.6201171875,3602.080078125,21448.51953125
2017-10-20,6108.81982421875,3605.090087890625,21457.640625
2017-10-23,6067.830078125,3608.8701171875,21696.650390625
2017-10-24,6080.22021484375,3610.68994140625,21805.169921875
2017-10-25,6055.0400390625,3591.4599609375,21707.619140625
2017-10-26,6037.8701171875,3637.199951171875,21739.779296875
2017-10-27,6213.47021484375,3652.22998046875,22008.44921875
2017-10-30,6227.58984375,3662.179931640625,22011.669921875
2017-10-31,6248.56005859375,3673.949951171875,22011.609375
2017-11-01,6248.64990234375,3697.39990234375,22420.080078125
2017-11-02,6236.39013671875,3688.800048828125,22539.119140625
2017-11-03,6295.580078125,3689.9599609375,22539.119140625
2017-11-06,6313.60986328125,3682.360107421875,22548.349609375
2017-11-07,6320.77978515625,3658.77001953125,22937.599609375
2017-11-08,6345.81005859375,3655.0400390625,22913.8203125
2017-11-09,6312.2099609375,3612.5,22868.7109375
2017-11-10,6309.06982421875,3593.760009765625,22681.419921875
2017-11-13,6316.18017578125,3574.52001953125,22380.990234375
2017-11-14,6293.64013671875,3556.3798828125,22380.009765625
2017-11-15,6258.35986328125,3545.719970703125,22028.3203125
2017-11-16,6339.14013671875,3564.800048828125,22351.119140625
2017-11-17,6314.509765625,3547.4599609375,22396.80078125
2017-11-20,6308.60986328125,3561.409912109375,22261.759765625
2017-11-21,6378.6298828125,3579.320068359375,22416.48046875
2017-11-22,6386.1201171875,3562.64990234375,22523.150390625
2017-11-24,6409.2900390625,3581.22998046875,22550.849609375
2017-11-27,6405.97021484375,3564.02001953125,22495.990234375
2017-11-28,6422.56005859375,3583.489990234375,22486.240234375
2017-11-29,6311.3798828125,3589.909912109375,22597.19921875
2017-11-30,6365.56005859375,3569.929931640625,22724.9609375
2017-12-01,6337.8701171875,3527.550048828125,22819.029296875
2017-12-04,6263.7001953125,3576.219970703125,22707.16015625
2017-12-05,6265.10986328125,3570.570068359375,22622.380859375
2017-12-06,6293.0498046875,3561.570068359375,22177.0390625
2017-12-07,6316.27978515625,3573.1298828125,22498.029296875
2017-12-08,6344.56982421875,3591.449951171875,22811.080078125
2017-12-11,6393.89013671875,3582.2099609375,22938.73046875
2017-12-12,6383.64990234375,3600.35009765625,22866.169921875
2017-12-13,6394.669921875,3581.75,22758.0703125
2017-12-14,6389.91015625,3556.219970703125,22694.44921875
2017-12-15,6466.31982421875,3560.530029296875,22553.220703125
2017-12-18,6513.27001953125,3609.419921875,22901.76953125
2017-12-19,6480.669921875,3582.219970703125,22868.0
2017-12-20,6472.47998046875,3552.659912109375,22891.720703125
2017-12-21,6472.68994140625,3570.780029296875,22866.099609375
2017-12-22,6465.169921875,3553.389892578125,22902.759765625
2017-12-27,6435.14990234375,3550.169921875,22911.2109375
2017-12-28,6441.419921875,3524.31005859375,22783.98046875
2017-12-29,6396.419921875,3503.9599609375,22764.939453125
2018-01-04,6584.580078125,3568.8798828125,23506.330078125
2018-01-05,6653.2900390625,3607.6298828125,23714.529296875
2018-01-09,6677.93994140625,3622.8701171875,23849.990234375
2018-01-10,6662.66015625,3609.830078125,23788.19921875
2018-01-11,6708.490234375,3595.239990234375,23710.4296875
2018-01-12,6758.5400390625,3612.610107421875,23653.8203125
2018-01-16,6737.14013671875,3622.010009765625,23951.810546875
2018-01-17,6810.27978515625,3612.780029296875,23868.33984375
2018-01-18,6811.3798828125,3620.909912109375,23763.369140625
2018-01-19,6834.330078125,3649.070068359375,23808.060546875
2018-01-22,6906.27978515625,3665.280029296875,23816.330078125
2018-01-23,6963.4599609375,3672.2900390625,24124.150390625
2018-01-24,6919.35009765625,3643.219970703125,23940.779296875
2018-01-25,6916.2998046875,3630.14990234375,23669.490234375
2018-01-26,7022.97021484375,3647.409912109375,23631.880859375
2018-01-29,6988.31982421875,3643.0400390625,23629.33984375
2018-01-30,6930.72998046875,3606.75,23291.970703125
2018-01-31,6949.990234375,3609.2900390625,23098.2890625
2018-02-01,6901.5,3577.35009765625,23486.109375
2018-02-02,6760.2900390625,3523.280029296875,23274.529296875
2018-02-05,6495.919921875,3478.77001953125,22682.080078125
2018-02-06,6665.97998046875,3394.919921875,21610.240234375
2018-02-07,6582.02001953125,3454.52001953125,21645.369140625
2018-02-08,6306.10009765625,3377.300048828125,21890.859375
2018-02-09,6412.68017578125,3325.989990234375,21382.619140625
2018-02-13,6553.85986328125,3340.929931640625,21244.6796875
2018-02-14,6675.02978515625,3369.830078125,21154.169921875
2018-02-15,6794.919921875,3389.6298828125,21464.98046875
2018-02-16,6770.66015625,3426.800048828125,21720.25
2018-02-20,6779.68994140625,3435.080078125,21925.099609375
2018-02-21,6759.259765625,3430.159912109375,21970.810546875
2018-02-22,6761.85009765625,3431.989990234375,21736.439453125
2018-02-23,6896.60009765625,3441.4599609375,21892.779296875
2018-02-26,6989.10009765625,3463.179931640625,22153.630859375
2018-02-27,6900.35009765625,3458.030029296875,22389.859375
2018-02-28,6854.419921875,3438.9599609375,22068.240234375
2018-03-01,6750.5400390625,3399.159912109375,21724.470703125
2018-03-02,6811.0400390625,3324.75,21181.640625
2018-03-05,6881.27978515625,3355.320068359375,21042.08984375
2018-03-06,6913.02001953125,3357.860107421875,21417.759765625
2018-03-07,6929.39013671875,3377.360107421875,21252.720703125
2018-03-08,6966.43017578125,3413.280029296875,21368.0703125
2018-03-09,7101.18017578125,3420.5400390625,21469.19921875
2018-03-12,7131.1201171875,3429.47998046875,21824.029296875
2018-03-13,7046.509765625,3397.35009765625,21968.099609375
2018-03-14,7040.97998046875,3390.97998046875,21777.2890625
2018-03-15,7030.97021484375,3414.1298828125,21803.94921875
2018-03-16,7019.9501953125,3437.39990234375,21676.509765625
2018-03-19,6864.8798828125,3394.7900390625,21480.900390625
2018-03-20,6885.919921875,3412.080078125,21380.970703125
2018-03-22,6682.259765625,3348.18994140625,21591.990234375
2018-03-23,6508.08984375,3298.070068359375,20617.859375
2018-03-26,6753.830078125,3278.719970703125,20766.099609375
2018-03-27,6529.83984375,3316.949951171875,21317.3203125
2018-03-28,6460.81005859375,3331.25,21031.310546875
2018-03-29,6581.1298828125,3361.5,21159.080078125
2018-04-03,6458.830078125,3346.929931640625,21292.2890625
2018-04-04,6560.06005859375,3340.35009765625,21319.55078125
2018-04-05,6594.83984375,3429.949951171875,21645.419921875
2018-04-06,6433.2099609375,3408.10009765625,21567.51953125
2018-04-09,6472.33984375,3414.85009765625,21678.259765625
2018-04-10,6615.8701171875,3438.780029296875,21794.3203125
2018-04-11,6583.43994140625,3419.7099609375,21687.099609375
2018-04-12,6656.259765625,3443.969970703125,21660.279296875
2018-04-13,6628.33984375,3448.0,21778.740234375
2018-04-16,6675.18017578125,3441.0400390625,21835.529296875
2018-04-17,6816.3701171875,3477.909912109375,21847.58984375
2018-04-18,6833.2099609375,3490.889892578125,22158.19921875
2018-04-19,6774.89013671875,3486.60009765625,22191.1796875
2018-04-20,6667.75,3494.199951171875,22162.240234375
2018-04-23,6648.7998046875,3513.06005859375,22088.0390625
2018-04-24,6509.0498046875,3510.8798828125,22278.119140625
2018-04-25,6513.93994140625,3485.830078125,22215.3203125
2018-04-26,6649.64990234375,3506.030029296875,22319.609375
2018-04-27,6656.35009765625,3518.780029296875,22467.869140625
2018-05-02,6644.47998046875,3553.7900390625,22472.779296875
2018-05-07,6821.8701171875,3564.18994140625,22467.16015625
2018-05-08,6815.47998046875,3557.8798828125,22508.689453125
2018-05-09,6893.2099609375,3569.739990234375,22408.880859375
2018-05-11,6952.56005859375,3565.52001953125,22758.48046875
2018-05-14,6964.3701171875,3565.739990234375,22865.859375
2018-05-15,6888.5400390625,3564.2900390625,22818.01953125
2018-05-16,6929.97021484375,3562.85009765625,22717.23046875
2018-05-17,6901.6298828125,3592.179931640625,22838.369140625
2018-05-18,6866.25,3573.760009765625,22930.359375
2018-05-22,6893.6201171875,3587.25,22960.33984375
2018-05-23,6953.6298828125,3541.820068359375,22689.740234375
2018-05-24,6949.7001953125,3521.760009765625,22437.009765625
2018-05-25,6960.919921875,3515.360107421875,22450.7890625
2018-05-29,6926.5400390625,3428.139892578125,22358.4296875
2018-05-30,6976.3701171875,3441.18994140625,22018.51953125
2018-05-31,6967.72998046875,3406.64990234375,22201.8203125
2018-06-01,7083.93017578125,3453.5400390625,22171.349609375
2018-06-04,7143.56982421875,3469.570068359375,22475.939453125
2018-06-05,7166.75,3456.7900390625,22539.5390625
2018-06-06,7210.080078125,3460.820068359375,22625.73046875
2018-06-07,7152.830078125,3459.77001953125,22823.259765625
2018-06-08,7152.6201171875,3447.300048828125,22694.5
2018-06-11,7168.47998046875,3480.219970703125,22804.0390625
2018-06-12,7209.18017578125,3475.580078125,22878.349609375
2018-06-13,7205.259765625,3479.56005859375,22966.380859375
2018-06-14,7279.58984375,3527.110107421875,22738.609375
2018-06-15,7255.759765625,3505.02001953125,22851.75
2018-06-18,7251.41015625,3466.64990234375,22680.330078125
2018-06-19,7228.0400390625,3435.300048828125,22278.48046875
2018-06-20,7280.7001953125,3439.60009765625,22555.4296875
2018-06-21,7217.490234375,3403.510009765625,22693.0390625
2018-06-22,7197.509765625,3441.60009765625,22516.830078125
2018-06-25,7038.169921875,3369.2099609375,22338.150390625
2018-06-26,7068.2001953125,3368.719970703125,22342.0
2018-06-27,6969.669921875,3397.1298828125,22271.76953125
2018-06-28,7031.60009765625,3365.52001953125,22270.390625
2018-06-29,7040.7998046875,3395.60009765625,22304.509765625
2018-07-02,7097.81982421875,3372.2099609375,21811.9296875
2018-07-03,7014.5498046875,3406.340087890625,21785.5390625
2018-07-05,7101.0498046875,3440.919921875,21546.990234375
2018-07-06,7207.330078125,3448.489990234375,21788.140625
2018-07-09,7276.0,3460.43994140625,22052.1796875
2018-07-10,7282.60009765625,3473.31005859375,22196.890625
2018-07-11,7243.97998046875,3422.35009765625,21932.2109375
2018-07-12,7366.25,3445.489990234375,22187.9609375
2018-07-13,7375.81982421875,3454.5400390625,22597.349609375
2018-07-16,7357.89990234375,3449.080078125,22597.349609375
2018-07-17,7403.89013671875,3457.5,22697.359375
2018-07-18,7390.1298828125,3485.080078125,22794.189453125
2018-07-19,7352.35986328125,3471.639892578125,22764.6796875
2018-07-20,7350.22998046875,3460.030029296875,22697.880859375
2018-07-23,7371.77978515625,3454.050048828125,22396.990234375
2018-07-24,7406.25,3483.31005859375,22510.48046875
2018-07-25,7508.58984375,3468.449951171875,22614.25
2018-07-26,7400.75,3509.260009765625,22586.869140625
2018-07-27,7296.77978515625,3527.179931640625,22712.75
2018-07-30,7193.10009765625,3512.31005859375,22544.83984375
2018-07-31,7231.97998046875,3525.489990234375,22553.720703125
2018-08-02,7372.14990234375,3469.2099609375,22512.529296875
2018-08-03,7395.490234375,3482.39990234375,22525.1796875
2018-08-06,7438.990234375,3483.300048828125,22507.3203125
2018-08-07,7462.64990234375,3504.3701171875,22662.740234375
2018-08-08,7469.5498046875,3493.60009765625,22644.310546875
2018-08-09,7466.9599609375,3494.139892578125,22598.390625
2018-08-10,7408.2998046875,3426.280029296875,22298.080078125
2018-08-13,7401.169921875,3409.679931640625,21857.4296875
2018-08-14,7447.169921875,3409.43994140625,22356.080078125
2018-08-15,7354.66015625,3359.080078125,22204.220703125
2018-08-16,7374.2900390625,3377.56005859375,22192.0390625
2018-08-17,7377.5400390625,3372.93994140625,22270.380859375
2018-08-20,7371.419921875,3393.669921875,22199.0
2018-08-21,7397.22998046875,3411.659912109375,22219.73046875
2018-08-22,7424.60009765625,3420.179931640625,22362.55078125
2018-08-23,7413.83984375,3419.260009765625,22410.8203125
2018-08-24,7485.39990234375,3427.43994140625,22601.76953125
2018-08-27,7559.1298828125,3456.010009765625,22799.640625
2018-08-28,7570.25,3447.570068359375,22813.470703125
2018-08-29,7660.18017578125,3456.1298828125,22848.220703125
2018-08-30,7642.669921875,3430.989990234375,22869.5
2018-08-31,7654.5498046875,3392.89990234375,22865.150390625
2018-09-04,7622.31982421875,3359.360107421875,22696.900390625
2018-09-05,7523.259765625,3315.6201171875,22580.830078125
2018-09-06,7453.169921875,3295.949951171875,22487.939453125
2018-09-07,7430.259765625,3293.360107421875,22307.060546875
2018-09-10,7447.68017578125,3309.280029296875,22373.08984375
2018-09-11,7507.8701171875,3311.659912109375,22664.689453125
2018-09-12,7488.06005859375,3326.60009765625,22604.609375
2018-09-13,7561.68994140625,3333.679931640625,22821.3203125
2018-09-14,7545.5,3344.6298828125,23094.669921875
2018-09-18,7494.39990234375,3358.4599609375,23420.5390625
2018-09-19,7490.31982421875,3368.56005859375,23672.51953125
2018-09-20,7569.02978515625,3403.1201171875,23674.9296875
2018-09-21,7531.06982421875,3430.81005859375,23869.9296875
2018-09-25,7563.18994140625,3419.780029296875,23940.259765625
2018-09-26,7563.08984375,3433.14990234375,24033.7890625
2018-09-27,7629.56982421875,3449.7900390625,23796.740234375
2018-09-28,7627.64990234375,3399.199951171875,24120.0390625
2018-10-01,7645.4501953125,3414.159912109375,24245.759765625
2018-10-02,7628.27978515625,3388.989990234375,24270.619140625
2018-10-03,7637.43017578125,3405.47998046875,24110.9609375
2018-10-04,7490.0,3375.080078125,23975.619140625
2018-10-05,7399.009765625,3345.510009765625,23783.720703125
2018-10-09,7371.6201171875,3321.7900390625,23469.390625
2018-10-10,7044.5,3266.89990234375,23506.0390625
2018-10-11,6964.02978515625,3209.18994140625,22590.859375
2018-10-12,7157.2099609375,3194.409912109375,22694.66015625
2018-10-15,7068.669921875,3210.3701171875,22271.30078125
2018-10-16,7276.43017578125,3257.340087890625,22549.240234375
2018-10-17,7278.6298828125,3243.080078125,22841.119140625
2018-10-18,7116.08984375,3211.590087890625,22658.16015625
2018-10-19,7107.22998046875,3210.820068359375,22532.080078125
2018-10-22,7141.2099609375,3190.090087890625,22614.8203125
2018-10-23,7118.669921875,3140.93994140625,22010.779296875
2018-10-24,6789.14990234375,3130.330078125,22091.1796875
2018-10-25,7016.39013671875,3164.39990234375,21268.73046875
2018-10-26,6852.39990234375,3134.889892578125,21184.599609375
2018-10-29,6713.89990234375,3154.929931640625,21149.80078125
2018-10-30,6810.1201171875,3147.1298828125,21457.2890625
2018-10-31,6967.10009765625,3197.510009765625,21920.4609375
2018-11-01,7069.169921875,3204.2099609375,21687.650390625
2018-11-02,6965.2900390625,3214.409912109375,22243.66015625
2018-11-05,6937.08984375,3217.3701171875,21898.990234375
2018-11-07,7203.1298828125,3246.159912109375,22085.80078125
2018-11-08,7158.58984375,3237.60009765625,22486.919921875
2018-11-13,6830.91015625,3224.820068359375,21810.51953125
2018-11-15,6890.4501953125,3190.31005859375,21803.619140625
2018-11-19,6642.919921875,3160.330078125,21821.16015625
2018-11-20,6526.9599609375,3116.070068359375,21583.119140625
2018-11-21,6575.66015625,3153.909912109375,21507.5390625
2018-11-26,6678.33984375,3172.7099609375,21812.0
2018-11-27,6701.0400390625,3166.419921875,21952.400390625
2018-11-29,6892.39990234375,3174.159912109375,22262.599609375
2018-11-30,6949.009765625,3173.1298828125,22351.060546875
2018-12-04,6795.2099609375,3189.25,22036.05078125
2018-12-06,6838.85009765625,3045.93994140625,21501.619140625
2018-12-07,6613.27978515625,3058.530029296875,21678.6796875
2018-12-10,6682.740234375,3016.989990234375,21219.5
2018-12-11,6704.240234375,3055.320068359375,21148.01953125
2018-12-12,6763.9599609375,3107.969970703125,21602.75
2018-12-13,6767.97021484375,3112.169921875,21816.189453125
2018-12-14,6594.9599609375,3092.60009765625,21374.830078125
2018-12-17,6448.39013671875,3063.64990234375,21506.880859375
2018-12-18,6491.52001953125,3040.1201171875,21115.44921875
2018-12-19,6342.97021484375,3051.3798828125,20987.919921875
2018-12-21,6046.56005859375,3000.610107421875,20166.189453125
2018-12-27,6288.2998046875,2937.360107421875,20077.619140625
2019-01-04,6422.669921875,3041.85009765625,19561.9609375
2019-01-07,6488.25,3033.639892578125,20038.970703125
2019-01-08,6551.85009765625,3054.93994140625,20204.0390625
2019-01-09,6600.68994140625,3070.239990234375,20427.060546875
2019-01-10,6620.93994140625,3075.72998046875,20163.80078125
2019-01-11,6601.39990234375,3070.0400390625,20359.69921875
2019-01-16,6668.56005859375,3077.219970703125,20442.75
2019-01-17,6718.4501953125,3069.35009765625,20402.26953125
2019-01-18,6784.60986328125,3134.919921875,20666.0703125
2019-01-23,6658.759765625,3112.1298828125,20593.720703125
2019-01-24,6702.5498046875,3126.31005859375,20574.630859375
2019-01-25,6787.3701171875,3163.239990234375,20773.560546875
2019-01-28,6697.08984375,3137.27001953125,20649.0
2019-01-29,6632.7900390625,3153.419921875,20664.640625
2019-01-30,6807.91015625,3161.739990234375,20556.5390625
2019-01-31,6906.83984375,3159.429931640625,20773.490234375
2019-02-01,6875.52001953125,3171.1201171875,20788.390625
2019-02-04,6959.9599609375,3165.199951171875,20883.76953125
2019-02-05,7023.52001953125,3215.0400390625,20844.44921875
2019-02-08,6913.1298828125,3135.6201171875,20333.169921875
2019-02-12,7014.669921875,3190.75,20864.2109375
2019-02-14,7022.419921875,3182.659912109375,21139.7109375
2019-02-15,7055.18017578125,3241.25,20900.630859375
2019-02-19,7066.60986328125,3239.409912109375,21302.650390625
2019-02-20,7062.33984375,3259.489990234375,21431.490234375
2019-02-21,7035.16015625,3263.699951171875,21464.23046875
2019-02-22,7090.6298828125,3270.550048828125,21425.509765625
2019-02-25,7115.43017578125,3280.010009765625,21528.23046875
2019-02-26,7123.22021484375,3289.320068359375,21449.390625
2019-02-27,7117.0,3282.77001953125,21556.509765625
2019-02-28,7097.52978515625,3298.260009765625,21385.16015625
2019-03-01,7151.56982421875,3312.10009765625,21602.689453125
2019-03-04,7150.830078125,3317.1201171875,21822.0390625
2019-03-05,7156.7900390625,3327.18994140625,21726.279296875
2019-03-06,7112.47021484375,3324.669921875,21596.810546875
2019-03-07,7026.8798828125,3308.85009765625,21456.009765625
2019-03-11,7164.02001953125,3304.43994140625,21125.08984375
2019-03-12,7201.27978515625,3303.949951171875,21503.689453125
2019-03-13,7256.97998046875,3323.449951171875,21290.240234375
2019-03-14,7243.009765625,3342.030029296875,21287.01953125
2019-03-15,7306.990234375,3386.080078125,21450.849609375
2019-03-18,7326.27978515625,3387.93994140625,21584.5
2019-03-19,7349.27978515625,3409.0,21566.849609375
2019-03-20,7380.75,3372.3798828125,21608.919921875
2019-03-22,7326.06005859375,3305.72998046875,21627.33984375
2019-03-25,7316.9599609375,3300.47998046875,20977.109375
2019-03-26,7351.14990234375,3319.530029296875,21428.390625
2019-03-27,7308.18994140625,3322.0400390625,21378.73046875
2019-03-28,7320.47021484375,3320.2900390625,21033.759765625
2019-03-29,7378.77001953125,3351.7099609375,21205.810546875
2019-04-01,7478.419921875,3385.3798828125,21509.029296875
2019-04-02,7499.64013671875,3395.699951171875,21505.310546875
2019-04-03,7544.97021484375,3435.56005859375,21713.2109375
2019-04-04,7540.56982421875,3441.929931640625,21724.94921875
2019-04-05,7578.83984375,3447.469970703125,21807.5
2019-04-08,7599.740234375,3438.06005859375,21761.650390625
2019-04-09,7568.490234375,3417.219970703125,21802.58984375
2019-04-10,7611.490234375,3424.64990234375,21687.5703125
2019-04-11,7594.89013671875,3435.340087890625,21711.380859375
2019-04-12,7628.14990234375,3447.830078125,21870.560546875
2019-04-15,7629.1201171875,3450.4599609375,22169.109375
2019-04-16,7654.72998046875,3463.360107421875,22221.66015625
2019-04-17,7680.72021484375,3477.72998046875,22277.970703125
2019-04-18,7689.72021484375,3499.22998046875,22090.119140625
2019-04-23,7810.7099609375,3503.85009765625,22259.740234375
2019-04-24,7784.41015625,3502.6298828125,22200.0
2019-04-25,7816.919921875,3491.919921875,22307.580078125
2019-04-26,7826.68017578125,3500.409912109375,22258.73046875
2019-05-07,7640.14990234375,3401.159912109375,21923.720703125
2019-05-08,7617.5498046875,3417.260009765625,21602.58984375
2019-05-09,7582.75,3350.7099609375,21402.130859375
2019-05-10,7586.52978515625,3361.050048828125,21344.919921875
2019-05-13,7324.1298828125,3320.780029296875,21191.279296875
2019-05-14,7401.8798828125,3364.3798828125,21067.23046875
2019-05-15,7503.25,3385.780029296875,21188.560546875
2019-05-16,7580.14013671875,3438.56005859375,21062.98046875
2019-05-17,7503.68017578125,3425.639892578125,21250.08984375
2019-05-20,7376.7001953125,3369.780029296875,21301.73046875
2019-05-21,7451.02001953125,3386.510009765625,21272.44921875
2019-05-22,7420.66015625,3386.719970703125,21283.369140625
2019-05-23,7307.93017578125,3327.199951171875,21151.140625
2019-05-24,7300.9599609375,3350.699951171875,21117.220703125
2019-05-28,7278.3798828125,3348.860107421875,21260.140625
2019-05-29,7216.85986328125,3297.81005859375,21003.369140625
2019-05-31,7127.9599609375,3280.429931640625,20601.189453125
2019-06-03,6978.02001953125,3300.219970703125,20410.880859375
2019-06-04,7166.75,3333.489990234375,20408.5390625
2019-06-05,7220.89990234375,3339.949951171875,20776.099609375
2019-06-06,7275.93017578125,3338.409912109375,20774.0390625
2019-06-07,7417.2900390625,3378.3798828125,20884.7109375
2019-06-11,7513.85009765625,3401.10009765625,21204.279296875
2019-06-12,7472.2900390625,3386.6298828125,21129.720703125
2019-06-13,7510.68017578125,3390.5,21032.0
2019-06-14,7479.10986328125,3379.18994140625,21116.890625
2019-06-17,7526.52001953125,3383.2099609375,21124.0
2019-06-18,7635.39990234375,3452.889892578125,20972.7109375
2019-06-19,7667.740234375,3454.699951171875,21333.869140625
2019-06-20,7738.0498046875,3468.080078125,21462.859375
2019-06-21,7728.77978515625,3466.919921875,21258.640625
2019-06-24,7723.02001953125,3455.570068359375,21285.990234375
2019-06-25,7591.5400390625,3444.360107421875,21193.810546875
2019-06-26,7627.0498046875,3442.949951171875,21086.58984375
2019-06-27,7657.0498046875,3442.3798828125,21338.169921875
2019-06-28,7671.080078125,3473.68994140625,21275.919921875
2019-07-01,7768.14013671875,3497.590087890625,21729.970703125
2019-07-02,7799.81982421875,3507.97998046875,21754.26953125
2019-07-03,7857.68994140625,3540.6298828125,21638.16015625
2019-07-05,7841.2998046875,3527.97998046875,21746.380859375
2019-07-08,7785.7900390625,3523.760009765625,21534.349609375
2019-07-09,7826.85986328125,3509.75,21565.150390625
2019-07-10,7903.39990234375,3501.52001953125,21533.48046875
2019-07-11,7896.77978515625,3496.72998046875,21643.529296875
2019-07-12,7943.240234375,3497.6298828125,21685.900390625
2019-07-16,7927.080078125,3521.360107421875,21535.25
2019-07-17,7888.759765625,3501.580078125,21469.1796875
2019-07-18,7904.1298828125,3482.830078125,21046.240234375
2019-07-19,7834.89990234375,3480.179931640625,21466.990234375
2019-07-22,7905.1201171875,3489.919921875,21416.7890625
2019-07-23,7954.56005859375,3532.8701171875,21620.880859375
2019-07-24,8010.60986328125,3532.89990234375,21709.5703125
2019-07-25,7929.8701171875,3510.14990234375,21756.55078125
2019-07-26,8016.9501953125,3524.469970703125,21658.150390625
2019-07-29,7989.080078125,3523.580078125,21616.80078125
2019-07-30,7952.47021484375,3462.85009765625,21709.310546875
2019-07-31,7848.77978515625,3466.85009765625,21521.529296875
2019-08-02,7692.7998046875,3376.1201171875,21087.16015625
2019-08-05,7415.68994140625,3310.929931640625,20720.2890625
2019-08-06,7521.31982421875,3291.659912109375,20585.310546875
2019-08-07,7551.89990234375,3309.989990234375,20516.560546875
2019-08-08,7724.830078125,3375.3798828125,20593.349609375
2019-08-09,7646.27001953125,3333.739990234375,20684.8203125
2019-08-13,7728.14990234375,3357.159912109375,20455.439453125
2019-08-14,7490.1298828125,3288.699951171875,20655.130859375
2019-08-15,7484.89013671875,3282.780029296875,20405.650390625
2019-08-16,7604.10986328125,3329.080078125,20418.810546875
2019-08-19,7719.31982421875,3369.18994140625,20563.16015625
2019-08-20,7664.47021484375,3350.22998046875,20677.220703125
2019-08-21,7733.22021484375,3394.889892578125,20618.5703125
2019-08-22,7707.43017578125,3373.669921875,20628.009765625
2019-08-23,7464.990234375,3334.25,20710.91015625
2019-08-26,7575.02001953125,3348.840087890625,20261.0390625
2019-08-27,7566.02978515625,3370.469970703125,20456.080078125
2019-08-28,7587.89990234375,3365.3798828125,20479.419921875
2019-08-29,7702.31005859375,3411.330078125,20460.9296875
2019-08-30,7691.0,3426.760009765625,20704.369140625
2019-09-03,7609.509765625,3420.739990234375,20625.16015625
2019-09-04,7719.25,3450.830078125,20649.140625
2019-09-05,7862.5400390625,3484.699951171875,21085.939453125
2019-09-06,7852.5400390625,3495.18994140625,21199.5703125
2019-09-09,7832.39990234375,3495.02001953125,21318.419921875
2019-09-10,7814.740234375,3498.989990234375,21392.099609375
2019-09-11,7887.580078125,3516.820068359375,21597.759765625
2019-09-12,7917.33984375,3538.860107421875,21759.609375
2019-09-13,7892.9501953125,3550.110107421875,21988.2890625
2019-09-17,7888.7900390625,3521.260009765625,22001.3203125
2019-09-18,7888.56005859375,3528.0400390625,21960.7109375
2019-09-19,7901.7900390625,3552.64990234375,22044.44921875
2019-09-20,7823.5498046875,3571.389892578125,22079.08984375
2019-09-24,7710.0400390625,3532.050048828125,22098.83984375
2019-09-25,7803.5400390625,3513.030029296875,22020.150390625
2019-09-26,7771.990234375,3532.179931640625,22048.240234375
2019-09-27,7681.580078125,3545.8798828125,21878.900390625
2019-09-30,7749.4501953125,3569.449951171875,21755.83984375
2019-10-01,7684.14013671875,3518.25,21885.240234375
2019-10-02,7550.7900390625,3413.31005859375,21778.609375
2019-10-03,7638.39013671875,3417.3701171875,21341.740234375
2019-10-04,7754.10009765625,3446.7099609375,21410.19921875
2019-10-07,7725.1298828125,3471.239990234375,21375.25
2019-10-08,7604.27001953125,3432.760009765625,21587.779296875
2019-10-09,7690.52978515625,3462.110107421875,21456.380859375
2019-10-10,7740.35986328125,3493.9599609375,21551.98046875
2019-10-11,7843.8798828125,3569.919921875,21798.869140625
2019-10-15,7942.85009765625,3598.64990234375,22207.2109375
2019-10-16,7920.2099609375,3599.25,22472.919921875
2019-10-17,7942.14013671875,3588.6201171875,22451.859375
2019-10-18,7868.490234375,3579.409912109375,22492.6796875
2019-10-21,7940.330078125,3600.080078125,22548.900390625
2019-10-23,7889.47021484375,3606.889892578125,22625.380859375
2019-10-24,7966.72021484375,3621.3701171875,22750.599609375
2019-10-25,8029.22021484375,3624.679931640625,22799.810546875
2019-10-28,8110.669921875,3625.68994140625,22867.26953125
2019-10-29,8047.509765625,3622.090087890625,22974.130859375
2019-10-30,8083.10986328125,3620.2900390625,22843.119140625
2019-10-31,8083.830078125,3604.409912109375,22927.0390625
2019-11-01,8161.169921875,3623.739990234375,22850.76953125
2019-11-05,8210.1796875,3676.52001953125,23251.990234375
2019-11-06,8196.0302734375,3688.739990234375,23303.8203125
2019-11-07,8219.650390625,3706.679931640625,23330.3203125
2019-11-08,8255.8896484375,3699.64990234375,23391.869140625
2019-11-11,8241.91015625,3696.820068359375,23331.83984375
2019-11-12,8263.7900390625,3712.199951171875,23520.009765625
2019-11-13,8259.8095703125,3699.5,23319.869140625
2019-11-14,8257.830078125,3688.81005859375,23141.55078125
2019-11-15,8315.51953125,3711.610107421875,23303.3203125
2019-11-18,8328.48046875,3704.919921875,23416.759765625
2019-11-19,8338.740234375,3696.56005859375,23292.650390625
2019-11-20,8283.75,3683.8798828125,23148.5703125
2019-11-21,8265.6201171875,3679.659912109375,23038.580078125
2019-11-22,8272.0498046875,3687.320068359375,23112.880859375
2019-11-25,8371.9296875,3707.679931640625,23292.810546875
2019-11-26,8385.75,3705.550048828125,23373.3203125
2019-11-27,8444.7099609375,3712.85009765625,23437.76953125
2019-11-29,8403.6796875,3703.580078125,23293.91015625
2019-12-02,8309.259765625,3626.659912109375,23529.5
2019-12-03,8254.740234375,3610.989990234375,23379.810546875
2019-12-04,8296.5302734375,3660.02001953125,23135.23046875
2019-12-05,8308.400390625,3648.1298828125,23300.08984375
2019-12-06,8397.3701171875,3692.340087890625,23354.400390625
2019-12-09,8362.740234375,3672.179931640625,23430.69921875
2019-12-10,8354.2900390625,3671.780029296875,23410.189453125
2019-12-11,8402.6103515625,3687.449951171875,23391.859375
2019-12-12,8466.8896484375,3706.35009765625,23424.810546875
2019-12-13,8487.7099609375,3731.070068359375,24023.099609375
2019-12-16,8570.330078125,3772.739990234375,23952.349609375
2019-12-17,8575.7001953125,3745.280029296875,24066.119140625
2019-12-18,8580.6201171875,3739.0,23934.4296875
2019-12-19,8641.2900390625,3739.169921875,23864.849609375
2019-12-20,8678.490234375,3776.56005859375,23816.630859375
2019-12-23,8696.009765625,3776.659912109375,23821.109375
2019-12-27,8770.98046875,3782.27001953125,23837.720703125
2019-12-30,8709.73046875,3748.469970703125,23656.619140625
2020-01-06,8848.51953125,3752.52001953125,23204.859375
2020-01-07,8846.4501953125,3759.25,23575.720703125
2020-01-08,8912.3701171875,3772.56005859375,23204.759765625
2020-01-09,8989.6298828125,3795.8798828125,23739.869140625
2020-01-10,8966.6396484375,3789.52001953125,23850.5703125
2020-01-14,9033.419921875,3774.8798828125,24025.169921875
2020-01-15,9035.669921875,3768.9599609375,23916.580078125
2020-01-16,9125.0,3774.139892578125,23933.130859375
2020-01-17,9173.73046875,3808.260009765625,24041.259765625
2020-01-21,9166.6298828125,3789.1201171875,23864.560546875
2020-01-22,9188.580078125,3769.7900390625,24031.349609375
2020-01-23,9216.98046875,3736.85009765625,23795.439453125
2020-01-24,9141.4697265625,3779.159912109375,23827.1796875
2020-01-27,8952.1796875,3677.840087890625,23343.509765625
2020-01-28,9090.9296875,3719.219970703125,23215.7109375
2020-01-29,9101.6103515625,3736.360107421875,23379.400390625
2020-01-30,9136.08984375,3690.780029296875,22977.75
2020-01-31,8991.509765625,3640.909912109375,23205.1796875
2020-02-03,9126.23046875,3661.27001953125,22971.939453125
2020-02-04,9334.0595703125,3732.280029296875,23084.58984375
2020-02-05,9367.48046875,3777.840087890625,23319.560546875
2020-02-06,9445.919921875,3805.52001953125,23873.58984375
2020-02-07,9401.099609375,3798.489990234375,23827.98046875
2020-02-10,9516.83984375,3793.179931640625,23685.98046875
2020-02-12,9613.2001953125,3854.429931640625,23861.2109375
2020-02-13,9595.7001953125,3846.739990234375,23827.73046875
2020-02-14,9623.580078125,3840.969970703125,23687.58984375
2020-02-18,9629.7998046875,3836.5400390625,23193.80078125
2020-02-19,9718.73046875,3865.179931640625,23400.69921875
2020-02-20,9627.830078125,3822.97998046875,23479.150390625
2020-02-21,9446.6904296875,3800.3798828125,23386.740234375
2020-02-25,8834.8701171875,3572.510009765625,22605.41015625
2020-02-26,8873.759765625,3577.679931640625,22426.189453125
2020-02-27,8436.669921875,3455.919921875,21948.23046875
2020-02-28,8461.830078125,3329.489990234375,21142.9609375
2020-03-02,8877.98046875,3338.830078125,21344.080078125
2020-03-03,8594.490234375,3371.969970703125,21082.73046875
2020-03-04,8949.2802734375,3420.56005859375,21100.060546875
2020-03-05,8671.66015625,3363.580078125,21329.119140625
2020-03-06,8530.33984375,3232.070068359375,20749.75
2020-03-09,7948.02978515625,2959.070068359375,19698.759765625
2020-03-10,8372.26953125,2910.02001953125,19867.119140625
2020-03-11,8006.1201171875,2905.56005859375,19416.060546875
2020-03-12,7263.64990234375,2545.22998046875,18559.630859375
2020-03-13,7995.259765625,2586.02001953125,17431.05078125
2020-03-16,7020.3798828125,2450.3701171875,17002.0390625
2020-03-17,7473.9501953125,2530.5,17011.529296875
2020-03-18,7175.18017578125,2385.820068359375,16726.55078125
2020-03-19,7288.52001953125,2454.080078125,16552.830078125
2020-03-23,7006.919921875,2485.5400390625,16887.779296875
2020-03-24,7553.830078125,2715.110107421875,18092.349609375
2020-03-25,7469.6201171875,2800.139892578125,19546.630859375
2020-03-26,7897.1298828125,2847.780029296875,18664.599609375
2020-03-27,7588.3701171875,2728.64990234375,19389.4296875
2020-03-30,7889.009765625,2765.6201171875,19084.970703125
2020-03-31,7813.5,2786.89990234375,18917.009765625
2020-04-01,7486.2900390625,2680.300048828125,18065.41015625
2020-04-02,7635.66015625,2688.489990234375,17818.720703125
2020-04-03,7528.10986328125,2662.989990234375,17820.189453125
2020-04-06,8081.66015625,2795.969970703125,18576.30078125
2020-04-07,8049.31005859375,2857.669921875,18950.1796875
2020-04-08,8229.5400390625,2851.27001953125,19353.240234375
2020-04-09,8238.5302734375,2892.7900390625,19345.76953125
2020-04-14,8692.16015625,2917.739990234375,19638.810546875
2020-04-15,8591.9599609375,2808.199951171875,19550.08984375
2020-04-16,8757.830078125,2812.35009765625,19290.19921875
2020-04-17,8832.41015625,2888.300048828125,19897.259765625
2020-04-20,8726.509765625,2909.5,19669.119140625
2020-04-21,8403.0,2791.340087890625,19280.779296875
2020-04-22,8664.6396484375,2834.89990234375,19137.94921875
2020-04-23,8641.5,2852.4599609375,19429.439453125
2020-04-24,8786.599609375,2809.070068359375,19262.0
2020-04-27,8837.66015625,2882.090087890625,19783.220703125
